"Fecha","Último","Apertura","Máximo","Mínimo","Vol.","% var."
"01.04.2026","1.391,75","1.376,50","1.393,00","1.375,50","","0,67%"
"31.03.2026","1.382,50","1.400,00","1.401,00","1.380,00","","-1,13%"
"30.03.2026","1.398,25","1.385,00","1.398,50","1.374,00","","0,92%"
"27.03.2026","1.385,50","1.372,50","1.385,50","1.368,00","","1,28%"
"26.03.2026","1.368,00","1.380,00","1.385,00","1.367,00","","-0,64%"
"25.03.2026","1.376,75","1.397,45","1.398,53","1.375,00","","-1,48%"
"24.03.2026","1.397,45","1.397,05","1.397,45","1.397,05","","0,03%"
"23.03.2026","1.397,05","1.397,00","1.397,05","1.397,00","","0,40%"
"20.03.2026","1.391,50","1.400,00","1.403,38","1.390,75","","-0,25%"
"19.03.2026","1.395,00","1.401,00","1.405,00","1.393,25","","0,04%"
"18.03.2026","1.394,50","1.403,00","1.405,50","1.394,50","","-0,13%"
"17.03.2026","1.396,25","1.402,50","1.404,00","1.393,25","","-0,02%"
"16.03.2026","1.396,50","1.402,50","1.404,63","1.392,75","","-0,13%"
"13.03.2026","1.398,25","1.402,25","1.405,00","1.389,00","","0,20%"
"12.03.2026","1.395,50","1.400,00","1.403,50","1.394,25","","0,00%"
"11.03.2026","1.395,50","1.400,00","1.407,28","1.392,25","","-0,29%"
"10.03.2026","1.399,50","1.416,00","1.416,50","1.399,25","","-1,15%"
"09.03.2026","1.415,75","1.413,00","1.426,00","1.413,00","","0,02%"
"06.03.2026","1.415,50","1.410,00","1.417,50","1.405,05","","0,57%"
"05.03.2026","1.407,50","1.400,00","1.410,45","1.395,50","","0,43%"
"04.03.2026","1.401,50","1.417,00","1.417,00","1.399,00","","-0,95%"
"03.03.2026","1.415,00","1.405,50","1.415,50","1.401,50","","1,51%"
"02.03.2026","1.394,00","1.420,00","1.420,50","1.392,00","","-0,21%"
"27.02.2026","1.397,00","1.407,50","1.419,00","1.397,00","","-0,82%"
"26.02.2026","1.408,50","1.400,00","1.423,50","1.399,63","","0,79%"
"25.02.2026","1.397,50","1.379,00","1.397,50","1.375,00","","1,29%"
"24.02.2026","1.379,75","1.375,00","1.380,00","1.372,00","","0,77%"
"23.02.2026","1.369,25","1.376,00","1.376,00","1.362,00","","-0,47%"
"20.02.2026","1.375,75","1.388,00","1.393,24","1.373,00","","-1,06%"
"19.02.2026","1.390,50","1.397,50","1.400,00","1.389,00","","-0,47%"
"18.02.2026","1.397,00","1.402,00","1.406,00","1.393,50","","0,25%"
"17.02.2026","1.393,50","1.393,50","1.393,55","1.393,45","","-0,41%"
"16.02.2026","1.399,25","1.399,25","1.399,25","1.399,25","","0,00%"
"13.02.2026","1.399,25","1.401,00","1.403,00","1.391,75","","0,16%"
"12.02.2026","1.397,00","1.401,00","1.402,00","1.391,00","","-0,53%"
"11.02.2026","1.404,50","1.409,50","1.411,00","1.398,80","","0,04%"
"10.02.2026","1.404,00","1.417,00","1.418,50","1.400,50","","-0,88%"
"09.02.2026","1.416,50","1.431,50","1.434,74","1.416,50","","-1,07%"
"06.02.2026","1.431,79","1.442,28","1.443,50","1.426,00","","-0,73%"
"05.02.2026","1.442,28","1.447,75","1.450,50","1.442,28","","-0,38%"
"04.02.2026","1.447,75","1.448,00","1.450,50","1.445,25","","0,19%"
"03.02.2026","1.445,00","1.452,50","1.452,50","1.444,00","","-0,48%"
"02.02.2026","1.452,00","1.448,50","1.452,75","1.447,50","","0,35%"
"30.01.2026","1.447,00","1.444,04","1.448,50","1.441,55","","0,20%"
"29.01.2026","1.444,04","1.447,00","1.448,00","1.443,50","","-0,03%"
"28.01.2026","1.444,50","1.442,00","1.445,50","1.438,00","","0,12%"
"27.01.2026","1.442,75","1.438,00","1.443,75","1.436,50","","0,35%"
"26.01.2026","1.437,75","1.432,00","1.442,00","1.432,00","","0,23%"
"23.01.2026","1.434,50","1.430,00","1.434,50","1.428,00","","0,37%"
"22.01.2026","1.429,25","1.430,00","1.432,00","1.424,50","","-0,05%"
"21.01.2026","1.430,00","1.434,25","1.436,12","1.427,50","","-0,30%"
"20.01.2026","1.434,25","1.434,00","1.437,50","1.432,13","","-0,12%"
"19.01.2026","1.436,00","1.429,00","1.436,00","1.428,00","","0,45%"
"16.01.2026","1.429,50","1.439,00","1.440,50","1.426,50","","-0,87%"
"15.01.2026","1.442,00","1.451,00","1.453,00","1.441,75","","-0,79%"
"14.01.2026","1.453,50","1.455,00","1.459,25","1.451,25","","-0,34%"
"13.01.2026","1.458,50","1.465,00","1.469,00","1.456,50","","-0,61%"
"12.01.2026","1.467,50","1.461,50","1.468,75","1.461,50","","0,19%"
"09.01.2026","1.464,75","1.461,00","1.468,50","1.461,00","","0,09%"
"08.01.2026","1.463,50","1.462,00","1.463,50","1.457,25","","0,21%"
"07.01.2026","1.460,50","1.469,50","1.472,25","1.459,75","","-0,46%"
"06.01.2026","1.467,25","1.468,00","1.472,50","1.464,38","","-0,17%"
"05.01.2026","1.469,75","1.475,00","1.478,50","1.467,50","","-0,34%"
"02.01.2026","1.474,75","1.460,00","1.475,25","1.457,50","","1,60%"
"01.01.2026","1.451,50","1.451,50","1.451,50","1.451,50","","0,00%"
"31.12.2025","1.451,50","1.451,50","1.451,50","1.451,50","","0,00%"
"30.12.2025","1.451,50","1.456,00","1.461,50","1.451,00","","-0,38%"
"29.12.2025","1.457,00","1.448,00","1.457,25","1.443,76","","0,31%"
"26.12.2025","1.452,50","1.450,00","1.453,50","1.448,25","","0,14%"
"25.12.2025","1.450,50","1.450,50","1.450,50","1.450,50","","0,00%"
"24.12.2025","1.450,50","1.450,50","1.450,50","1.450,50","","0,00%"
"23.12.2025","1.450,50","1.451,00","1.452,00","1.449,25","","-0,09%"
"22.12.2025","1.451,75","1.448,00","1.453,00","1.446,00","","0,17%"
"19.12.2025","1.449,25","1.452,50","1.454,00","1.449,00","","-0,10%"
"18.12.2025","1.450,75","1.452,00","1.454,63","1.450,00","","0,00%"
"17.12.2025","1.450,75","1.452,50","1.455,50","1.447,00","","0,03%"
"16.12.2025","1.450,25","1.472,50","1.472,50","1.444,50","","0,83%"
"15.12.2025","1.438,25","1.440,00","1.443,00","1.436,75","","-0,17%"
"12.12.2025","1.440,75","1.436,00","1.441,25","1.434,00","","0,30%"
"11.12.2025","1.436,50","1.436,50","1.442,00","1.435,75","","-0,09%"
"10.12.2025","1.437,75","1.440,00","1.443,25","1.434,00","","-0,16%"
"09.12.2025","1.440,00","1.435,00","1.442,00","1.433,50","","0,38%"
"08.12.2025","1.434,50","1.434,50","1.434,50","1.434,50","","0,03%"
"05.12.2025","1.434,00","1.440,00","1.447,99","1.432,50","","-0,83%"
"04.12.2025","1.446,00","1.452,50","1.456,50","1.443,00","","-0,48%"
"03.12.2025","1.453,00","1.455,00","1.457,37","1.451,75","","-0,24%"
"02.12.2025","1.456,50","1.455,00","1.458,00","1.451,50","","0,36%"
"01.12.2025","1.451,25","1.450,00","1.453,25","1.447,00","","0,07%"
"28.11.2025","1.450,25","1.452,50","1.456,25","1.447,50","","-0,02%"
"27.11.2025","1.450,50","1.456,00","1.456,00","1.442,00","","-0,15%"
"26.11.2025","1.452,75","1.447,50","1.457,49","1.442,25","","0,36%"
"25.11.2025","1.447,50","1.424,40","1.452,75","1.420,75","","1,62%"
"24.11.2025","1.424,40","1.424,50","1.424,50","1.424,40","","-0,01%"
"21.11.2025","1.424,50","1.424,50","1.424,50","1.424,50","","0,00%"
"20.11.2025","1.424,50","1.410,00","1.425,50","1.406,00","","1,24%"
"19.11.2025","1.407,00","1.400,00","1.408,00","1.394,50","","0,46%"
"18.11.2025","1.400,50","1.390,00","1.401,00","1.384,50","","0,97%"
"17.11.2025","1.387,00","1.395,00","1.407,00","1.383,00","","-1,18%"
"14.11.2025","1.403,50","1.405,00","1.413,50","1.396,50","","-0,32%"
"13.11.2025","1.408,00","1.407,50","1.418,00","1.396,50","","-0,04%"
"12.11.2025","1.408,50","1.412,50","1.417,00","1.390,00","","-0,11%"
"11.11.2025","1.410,00","1.419,99","1.431,00","1.407,50","","-0,70%"
"10.11.2025","1.419,99","1.425,00","1.436,75","1.408,00","","0,21%"
"07.11.2025","1.417,00","1.450,00","1.460,00","1.417,00","","-2,33%"
"06.11.2025","1.450,75","1.450,75","1.450,99","1.449,51","","0,00%"
"05.11.2025","1.450,75","1.455,00","1.457,50","1.442,50","","-0,48%"
"04.11.2025","1.457,75","1.482,50","1.487,75","1.455,25","","-1,52%"
"03.11.2025","1.480,25","1.445,00","1.480,75","1.436,50","","2,35%"
"31.10.2025","1.446,25","1.454,00","1.460,00","1.427,26","","0,47%"
"30.10.2025","1.439,50","1.440,00","1.452,50","1.424,76","","0,14%"
"29.10.2025","1.437,50","1.465,00","1.470,00","1.436,50","","-2,44%"
"28.10.2025","1.473,50","1.435,00","1.486,50","1.430,00","","2,86%"
"27.10.2025","1.432,50","1.345,00","1.432,50","1.332,50","","-3,97%"
"24.10.2025","1.491,75","1.481,25","1.492,25","1.475,00","","0,59%"
"23.10.2025","1.483,00","1.489,50","1.490,00","1.477,50","","-0,37%"
"22.10.2025","1.488,50","1.490,75","1.490,75","1.476,75","","-0,12%"
"21.10.2025","1.490,25","1.482,50","1.490,50","1.475,88","","0,86%"
"20.10.2025","1.477,50","1.465,00","1.478,37","1.455,00","","1,37%"
"17.10.2025","1.457,50","1.415,00","1.471,50","1.407,50","","3,70%"
"16.10.2025","1.405,50","1.380,00","1.413,00","1.365,00","","3,23%"
"15.10.2025","1.361,50","1.375,00","1.395,00","1.356,00","","0,29%"
"14.10.2025","1.357,50","1.355,00","1.374,50","1.347,00","","0,67%"
"13.10.2025","1.348,50","1.427,50","1.427,50","1.335,50","","-5,14%"
"10.10.2025","1.421,50","1.421,50","1.421,50","1.421,50","","0,00%"
"09.10.2025","1.421,50","1.450,00","1.469,00","1.417,00","","-0,58%"
"08.10.2025","1.429,75","1.429,75","1.429,75","1.429,75","","0,00%"
"07.10.2025","1.429,75","1.429,75","1.429,75","1.429,75","","0,00%"
"06.10.2025","1.429,75","1.427,25","1.429,87","1.427,13","","0,35%"
"03.10.2025","1.424,75","1.420,00","1.424,87","1.419,88","","0,02%"
"02.10.2025","1.424,50","1.420,00","1.424,87","1.419,75","","0,07%"
"01.10.2025","1.423,50","1.405,00","1.427,25","1.401,00","","3,17%"
"30.09.2025","1.379,75","1.342,50","1.379,75","1.339,00","","1,60%"
"29.09.2025","1.358,00","1.350,00","1.365,50","1.328,50","","2,14%"
"26.09.2025","1.329,50","1.335,00","1.345,00","1.320,00","","-0,75%"
"25.09.2025","1.339,50","1.330,00","1.344,00","1.312,50","","0,15%"
"24.09.2025","1.337,50","1.347,50","1.368,50","1.328,25","","-2,19%"
"23.09.2025","1.367,50","1.397,50","1.397,50","1.348,50","","-3,03%"
"22.09.2025","1.410,25","1.475,25","1.475,25","1.407,50","","-4,37%"
"19.09.2025","1.474,75","1.474,75","1.475,00","1.474,75","","0,03%"
"18.09.2025","1.474,25","1.472,25","1.474,37","1.472,13","","0,03%"
"17.09.2025","1.473,75","1.465,00","1.474,37","1.465,00","","0,29%"
"16.09.2025","1.469,50","1.464,50","1.471,50","1.459,00","","0,24%"
"15.09.2025","1.466,00","1.460,00","1.471,75","1.453,50","","0,81%"
"12.09.2025","1.454,25","1.437,50","1.458,80","1.435,00","","1,50%"
"11.09.2025","1.432,75","1.430,00","1.436,25","1.423,00","","0,61%"
"10.09.2025","1.424,00","1.415,00","1.426,75","1.408,00","","0,56%"
"09.09.2025","1.416,00","1.406,00","1.423,00","1.405,50","","-0,49%"
"08.09.2025","1.423,00","1.420,00","1.442,50","1.409,50","","4,25%"
"05.09.2025","1.365,00","1.365,00","1.371,37","1.360,00","","0,18%"
"04.09.2025","1.362,50","1.353,50","1.362,88","1.353,50","","0,09%"
"03.09.2025","1.361,25","1.352,00","1.362,00","1.351,00","","0,13%"
"02.09.2025","1.359,50","1.380,00","1.384,00","1.358,00","","-1,25%"
"01.09.2025","1.376,75","1.341,00","1.384,50","1.341,00","","2,21%"
"29.08.2025","1.347,00","1.320,00","1.348,00","1.312,50","","0,97%"
"28.08.2025","1.334,00","1.350,00","1.353,00","1.332,50","","-1,26%"
"27.08.2025","1.351,00","1.360,00","1.367,50","1.350,00","","-0,37%"
"26.08.2025","1.356,00","1.362,50","1.367,50","1.349,25","","-0,22%"
"25.08.2025","1.359,00","1.322,50","1.359,00","1.322,50","","2,88%"
"22.08.2025","1.321,00","1.317,50","1.326,50","1.312,26","","0,49%"
"21.08.2025","1.314,50","1.302,50","1.315,00","1.296,76","","1,08%"
"20.08.2025","1.300,50","1.300,00","1.306,00","1.293,50","","0,70%"
"19.08.2025","1.291,50","1.297,50","1.304,24","1.288,50","","-0,10%"
"18.08.2025","1.292,75","1.302,00","1.308,50","1.291,50","","-0,44%"
"15.08.2025","1.298,50","1.298,50","1.298,50","1.298,50","","0,00%"
"14.08.2025","1.298,50","1.317,50","1.321,50","1.288,50","","-1,16%"
"13.08.2025","1.313,75","1.317,50","1.326,75","1.311,00","","-0,23%"
"12.08.2025","1.316,75","1.322,50","1.326,50","1.316,00","","-0,34%"
"11.08.2025","1.321,25","1.330,00","1.336,25","1.321,00","","-0,32%"
"08.08.2025","1.325,50","1.330,00","1.333,00","1.321,25","","-0,06%"
"07.08.2025","1.326,25","1.337,50","1.341,25","1.325,75","","-0,39%"
"06.08.2025","1.331,50","1.337,50","1.340,00","1.331,00","","-0,58%"
"05.08.2025","1.339,25","1.357,00","1.358,00","1.334,50","","-1,34%"
"04.08.2025","1.357,50","1.357,50","1.365,00","1.352,25","","-0,44%"
"01.08.2025","1.363,50","1.348,50","1.369,99","1.346,00","","-0,58%"
"31.07.2025","1.371,50","1.315,00","1.374,00","1.315,00","","3,90%"
"30.07.2025","1.320,00","1.289,50","1.320,00","1.287,00","","2,21%"
"29.07.2025","1.291,50","1.290,00","1.301,25","1.285,00","","-0,19%"
"28.07.2025","1.294,00","1.273,50","1.294,50","1.273,50","","1,03%"
"25.07.2025","1.280,75","1.272,50","1.286,00","1.267,50","","0,61%"
"24.07.2025","1.273,00","1.257,50","1.274,00","1.254,50","","1,15%"
"23.07.2025","1.258,50","1.257,50","1.263,00","1.254,00","","0,24%"
"22.07.2025","1.255,50","1.275,00","1.280,00","1.252,51","","-1,45%"
"21.07.2025","1.274,00","1.285,00","1.294,00","1.274,00","","-0,89%"
"18.07.2025","1.285,50","1.270,00","1.286,00","1.270,00","","0,92%"
"17.07.2025","1.273,75","1.261,00","1.277,00","1.251,50","","0,97%"
"16.07.2025","1.261,50","1.264,50","1.270,88","1.247,50","","0,12%"
"15.07.2025","1.260,00","1.277,50","1.292,25","1.260,00","","-1,49%"
"14.07.2025","1.279,00","1.260,00","1.279,00","1.255,60","","1,45%"
"11.07.2025","1.260,75","1.255,00","1.265,50","1.250,51","","0,40%"
"10.07.2025","1.255,75","1.252,55","1.267,00","1.251,28","","0,26%"
"09.07.2025","1.252,55","1.252,55","1.252,57","1.252,53","","-0,16%"
"08.07.2025","1.254,50","1.265,00","1.270,00","1.251,00","","-0,59%"
"07.07.2025","1.262,00","1.240,00","1.270,50","1.240,00","","1,65%"
"04.07.2025","1.241,50","1.239,00","1.244,50","1.234,00","","0,81%"
"03.07.2025","1.231,50","1.227,50","1.233,00","1.222,25","","0,18%"
"02.07.2025","1.229,25","1.220,00","1.242,00","1.218,50","","0,68%"
"01.07.2025","1.221,00","1.195,00","1.224,50","1.189,51","","1,37%"
"30.06.2025","1.204,50","1.190,00","1.204,50","1.187,50","","1,37%"
"27.06.2025","1.188,25","1.190,00","1.197,74","1.182,50","","-0,02%"
"26.06.2025","1.188,50","1.186,50","1.198,50","1.182,75","","-0,13%"
"25.06.2025","1.190,00","1.173,00","1.190,00","1.170,13","","1,36%"
"24.06.2025","1.174,00","1.172,50","1.187,01","1.168,63","","0,21%"
"23.06.2025","1.171,50","1.167,00","1.173,62","1.159,50","","0,60%"
"20.06.2025","1.164,50","1.164,50","1.164,51","1.164,49","","0,00%"
"19.06.2025","1.164,50","1.150,00","1.164,50","1.150,00","","1,95%"
"18.06.2025","1.142,25","1.163,50","1.166,50","1.140,75","","-1,74%"
"17.06.2025","1.162,50","1.183,50","1.185,00","1.162,50","","-1,67%"
"16.06.2025","1.182,25","1.182,25","1.182,25","1.182,25","","0,00%"
"13.06.2025","1.182,25","1.188,50","1.193,00","1.182,00","","-0,19%"
"12.06.2025","1.184,50","1.182,00","1.191,50","1.180,25","","0,25%"
"11.06.2025","1.181,50","1.189,00","1.189,00","1.178,50","","-0,53%"
"10.06.2025","1.187,75","1.187,50","1.192,00","1.180,00","","0,21%"
"09.06.2025","1.185,25","1.185,00","1.191,74","1.180,25","","0,02%"
"06.06.2025","1.185,00","1.190,00","1.195,00","1.182,50","","-0,21%"
"05.06.2025","1.187,50","1.187,50","1.194,00","1.183,00","","0,19%"
"04.06.2025","1.185,25","1.180,00","1.185,50","1.179,00","","0,08%"
"03.06.2025","1.184,25","1.180,00","1.190,00","1.179,00","","0,30%"
"02.06.2025","1.180,75","1.187,50","1.191,00","1.176,00","","-0,69%"
"30.05.2025","1.189,00","1.185,00","1.201,50","1.183,00","","0,42%"
"29.05.2025","1.184,00","1.152,50","1.191,50","1.152,50","","2,05%"
"28.05.2025","1.160,25","1.153,50","1.165,75","1.153,00","","0,32%"
"27.05.2025","1.156,50","1.137,50","1.157,50","1.137,50","","1,14%"
"26.05.2025","1.143,50","1.135,50","1.145,00","1.133,50","","1,02%"
"23.05.2025","1.132,00","1.135,00","1.142,50","1.129,00","","-0,37%"
"22.05.2025","1.136,25","1.147,50","1.151,50","1.136,00","","-0,87%"
"21.05.2025","1.146,25","1.153,75","1.155,50","1.141,25","","0,28%"
"20.05.2025","1.143,00","1.142,00","1.146,25","1.130,88","","0,40%"
"19.05.2025","1.138,50","1.132,50","1.145,01","1.127,50","","-0,35%"
"16.05.2025","1.142,50","1.146,50","1.151,50","1.135,00","","0,40%"
"15.05.2025","1.138,00","1.130,00","1.139,00","1.124,51","","0,57%"
"14.05.2025","1.131,50","1.125,00","1.134,50","1.119,50","","0,58%"
"13.05.2025","1.125,00","1.137,00","1.137,00","1.123,00","","-0,49%"
"12.05.2025","1.130,50","1.130,00","1.133,50","1.119,00","","0,27%"
"09.05.2025","1.127,50","1.117,50","1.130,50","1.103,00","","1,35%"
"08.05.2025","1.112,50","1.121,00","1.133,50","1.097,50","","-2,84%"
"07.05.2025","1.145,00","1.197,00","1.204,50","1.145,00","","-4,18%"
"06.05.2025","1.195,00","1.205,00","1.207,50","1.190,50","","-0,58%"
"05.05.2025","1.202,00","1.177,75","1.202,00","1.168,00","","2,49%"
"02.05.2025","1.172,75","1.172,75","1.172,75","1.172,75","","0,00%"
"01.05.2025","1.172,75","1.172,75","1.172,75","1.172,75","","0,00%"
"30.04.2025","1.172,75","1.174,50","1.179,50","1.160,50","","0,67%"
"29.04.2025","1.165,00","1.174,00","1.184,00","1.163,50","","-1,10%"
"28.04.2025","1.178,00","1.165,50","1.184,50","1.154,00","","0,79%"
"25.04.2025","1.168,75","1.169,50","1.182,50","1.162,50","","-0,49%"
"24.04.2025","1.174,50","1.160,00","1.184,50","1.156,00","","0,95%"
"23.04.2025","1.163,50","1.095,00","1.163,50","1.092,50","","5,49%"
"22.04.2025","1.103,00","1.077,50","1.103,50","1.074,00","","0,96%"
"21.04.2025","1.092,50","1.110,00","1.110,00","1.059,50","","-4,00%"
"18.04.2025","1.138,00","1.138,00","1.138,00","1.138,00","","0,00%"
"17.04.2025","1.138,00","1.138,00","1.138,00","1.138,00","","0,00%"
"16.04.2025","1.138,00","1.203,50","1.203,50","1.137,50","","-5,03%"
"15.04.2025","1.198,25","1.197,50","1.201,00","1.194,00","","0,17%"
"14.04.2025","1.196,25","1.182,50","1.206,00","1.160,00","","11,28%"
"11.04.2025","1.075,00","1.076,25","1.076,25","1.074,13","","-0,13%"
"10.04.2025","1.076,38","1.076,38","1.076,63","1.076,38","","0,00%"
"09.04.2025","1.076,38","1.076,50","1.076,75","1.076,25","","0,06%"
"08.04.2025","1.075,75","1.075,50","1.075,88","1.075,50","","0,05%"
"07.04.2025","1.075,25","1.075,25","1.076,13","1.074,88","","0,16%"
"04.04.2025","1.073,50","1.074,38","1.074,38","1.073,00","","-0,08%"
"03.04.2025","1.074,38","1.073,38","1.074,38","1.072,70","","0,14%"
"02.04.2025","1.072,85","1.072,85","1.072,85","1.072,85","","0,00%"
"01.04.2025","1.072,85","1.073,00","1.073,13","1.072,38","","-0,03%"
"31.03.2025","1.073,13","1.072,88","1.073,13","1.072,88","","0,22%"
"28.03.2025","1.070,75","1.071,25","1.071,35","1.070,50","","-0,08%"
"27.03.2025","1.071,63","1.071,25","1.071,75","1.071,15","","0,05%"
"26.03.2025","1.071,13","1.071,50","1.071,63","1.071,13","","0,05%"
"25.03.2025","1.070,63","1.070,75","1.070,88","1.070,63","","0,19%"
"24.03.2025","1.068,55","1.068,55","1.068,55","1.068,55","","0,00%"
"21.03.2025","1.068,60","1.068,75","1.069,10","1.068,13","","-0,01%"
"20.03.2025","1.068,75","1.069,13","1.069,25","1.068,65","","-0,01%"
"19.03.2025","1.068,88","1.068,50","1.069,13","1.068,25","","0,07%"
"18.03.2025","1.068,13","1.068,25","1.068,50","1.067,88","","0,05%"
"17.03.2025","1.067,63","1.068,25","1.068,75","1.067,63","","0,14%"
"14.03.2025","1.066,13","1.066,38","1.067,00","1.066,13","","-0,02%"
"13.03.2025","1.066,38","1.066,13","1.066,38","1.066,00","","0,05%"
"12.03.2025","1.065,88","1.065,88","1.066,20","1.065,75","","0,02%"
"11.03.2025","1.065,63","1.065,75","1.066,00","1.065,50","","0,02%"
"10.03.2025","1.065,38","1.065,75","1.065,88","1.065,38","","0,04%"
"07.03.2025","1.065,00","1.064,00","1.065,13","1.063,75","","0,13%"
"06.03.2025","1.063,63","1.063,75","1.063,88","1.063,63","","0,00%"
"05.03.2025","1.063,63","1.063,75","1.063,75","1.063,25","","-0,01%"
"04.03.2025","1.063,75","1.063,70","1.063,75","1.063,70","","0,00%"
"03.03.2025","1.063,70","1.063,70","1.063,70","1.063,70","","0,00%"
"28.02.2025","1.063,75","1.061,75","1.063,88","1.061,38","","0,16%"
"27.02.2025","1.062,00","1.061,38","1.062,00","1.061,38","","0,08%"
"26.02.2025","1.061,13","1.061,13","1.061,25","1.061,00","","0,05%"
"25.02.2025","1.060,63","1.060,88","1.060,88","1.060,63","","0,05%"
"24.02.2025","1.060,13","1.060,38","1.060,38","1.060,13","","0,17%"
"21.02.2025","1.058,38","1.058,63","1.058,63","1.058,38","","-0,05%"
"20.02.2025","1.058,88","1.059,00","1.059,25","1.058,75","","0,02%"
"19.02.2025","1.058,63","1.058,50","1.058,75","1.058,25","","0,05%"
"18.02.2025","1.058,13","1.058,75","1.058,88","1.058,13","","-0,12%"
"17.02.2025","1.059,38","1.059,00","1.059,38","1.058,88","","0,30%"
"14.02.2025","1.056,25","1.056,50","1.056,75","1.056,13","","-0,06%"
"13.02.2025","1.056,90","1.056,50","1.056,90","1.056,50","","0,05%"
"12.02.2025","1.056,38","1.056,25","1.056,50","1.056,00","","0,07%"
"11.02.2025","1.055,63","1.056,00","1.056,00","1.055,63","","-0,04%"
"10.02.2025","1.056,00","1.055,63","1.056,00","1.055,38","","0,25%"
"07.02.2025","1.053,38","1.054,13","1.054,25","1.053,25","","-0,05%"
"06.02.2025","1.053,88","1.054,25","1.054,25","1.053,88","","0,00%"
"05.02.2025","1.053,88","1.054,25","1.054,25","1.053,88","","0,02%"
"04.02.2025","1.053,63","1.053,38","1.053,63","1.053,25","","0,02%"
"03.02.2025","1.053,38","1.053,50","1.053,50","1.053,13","","0,23%"
"31.01.2025","1.051,00","1.051,25","1.051,25","1.050,75","","-0,02%"
"30.01.2025","1.051,25","1.051,75","1.052,00","1.051,25","","0,00%"
"29.01.2025","1.051,25","1.050,75","1.051,25","1.050,50","","0,10%"
"28.01.2025","1.050,25","1.050,50","1.050,60","1.050,15","","0,05%"
"27.01.2025","1.049,75","1.050,00","1.050,50","1.049,75","","0,33%"
"24.01.2025","1.046,25","1.047,25","1.047,25","1.046,25","","-0,07%"
"23.01.2025","1.047,00","1.046,75","1.047,00","1.046,50","","-0,02%"
"22.01.2025","1.047,25","1.046,00","1.047,25","1.046,00","","0,10%"
"21.01.2025","1.046,25","1.044,75","1.046,25","1.044,75","","0,05%"
"20.01.2025","1.045,75","1.045,25","1.045,75","1.045,25","","0,38%"
"17.01.2025","1.041,75","1.041,75","1.042,10","1.041,40","","0,05%"
"16.01.2025","1.041,25","1.041,25","1.041,35","1.041,15","","0,05%"
"15.01.2025","1.040,75","1.040,75","1.040,85","1.040,65","","0,05%"
"14.01.2025","1.040,25","1.040,50","1.040,60","1.040,15","","0,07%"
"13.01.2025","1.039,50","1.039,50","1.039,60","1.039,15","","0,27%"
"10.01.2025","1.036,75","1.036,75","1.037,00","1.036,75","","0,00%"
"09.01.2025","1.036,75","1.036,75","1.036,85","1.036,65","","0,10%"
"08.01.2025","1.035,75","1.035,75","1.035,85","1.035,65","","0,05%"
"07.01.2025","1.035,25","1.035,25","1.035,35","1.035,15","","0,05%"
"06.01.2025","1.034,75","1.034,75","1.034,75","1.034,75","","0,22%"
"03.01.2025","1.032,50","1.032,00","1.032,75","1.032,00","","0,07%"
"02.01.2025","1.031,75","1.032,00","1.032,10","1.031,65","","0,07%"
"01.01.2025","1.031,00","1.031,00","1.031,00","1.031,00","","0,00%"
"31.12.2024","1.031,00","1.031,00","1.031,00","1.031,00","","0,00%"
"30.12.2024","1.031,00","1.030,25","1.031,25","1.030,00","","0,22%"
"27.12.2024","1.028,75","1.029,25","1.029,25","1.027,50","","0,00%"
"26.12.2024","1.028,75","1.028,00","1.028,75","1.027,75","","0,29%"
"25.12.2024","1.025,75","1.025,75","1.025,75","1.025,75","","0,00%"
"24.12.2024","1.025,75","1.025,75","1.025,75","1.025,75","","0,00%"
"23.12.2024","1.025,75","1.025,00","1.025,75","1.024,50","","0,34%"
"20.12.2024","1.022,25","1.022,25","1.022,75","1.022,00","","0,02%"
"19.12.2024","1.022,00","1.022,50","1.022,50","1.022,00","","-0,02%"
"18.12.2024","1.022,25","1.022,00","1.022,25","1.021,75","","0,17%"
"17.12.2024","1.020,50","1.021,00","1.021,25","1.020,25","","-0,07%"
"16.12.2024","1.021,25","1.020,75","1.021,25","1.020,25","","0,32%"
"13.12.2024","1.018,00","1.018,25","1.018,25","1.017,75","","-0,02%"
"12.12.2024","1.018,25","1.018,00","1.018,25","1.017,75","","0,12%"
"11.12.2024","1.017,00","1.016,75","1.017,10","1.016,25","","0,07%"
"10.12.2024","1.016,25","1.016,50","1.016,75","1.016,15","","0,05%"
"09.12.2024","1.015,75","1.015,75","1.015,85","1.015,65","","0,30%"
"06.12.2024","1.012,75","1.013,00","1.013,35","1.012,75","","0,05%"
"05.12.2024","1.012,25","1.013,50","1.013,75","1.012,25","","0,00%"
"04.12.2024","1.012,25","1.012,75","1.013,00","1.011,75","","0,05%"
"03.12.2024","1.011,75","1.011,75","1.012,35","1.011,50","","0,02%"
"02.12.2024","1.011,50","1.010,50","1.011,75","1.010,50","","0,10%"
"29.11.2024","1.010,50","1.009,25","1.010,50","1.008,90","","0,10%"
"28.11.2024","1.009,50","1.009,50","1.009,50","1.009,25","","0,15%"
"27.11.2024","1.008,00","1.007,75","1.008,25","1.007,40","","0,07%"
"26.11.2024","1.007,25","1.007,00","1.007,35","1.006,75","","0,07%"
"25.11.2024","1.006,50","1.006,50","1.006,50","1.006,25","","0,22%"
"22.11.2024","1.004,25","1.003,50","1.004,25","1.003,40","","0,02%"
"21.11.2024","1.004,00","1.004,00","1.004,25","1.003,65","","0,12%"
"20.11.2024","1.002,75","1.002,25","1.002,85","1.002,15","","0,10%"
"19.11.2024","1.001,75","1.002,25","1.002,35","1.001,75","","0,33%"
"18.11.2024","998,49","998,49","998,49","998,49","","0,00%"
"15.11.2024","998,50","999,25","999,25","998,13","","-0,03%"
"14.11.2024","998,75","998,75","998,87","998,63","","0,05%"
"13.11.2024","998,25","998,25","998,37","997,75","","0,05%"
"12.11.2024","997,75","998,00","998,24","997,75","","-0,08%"
"11.11.2024","998,50","998,00","998,50","997,75","","0,48%"
"08.11.2024","993,75","994,00","994,25","993,63","","0,00%"
"07.11.2024","993,75","994,00","994,37","993,75","","0,10%"
"06.11.2024","992,75","992,75","992,75","992,75","","0,00%"
"05.11.2024","992,75","993,00","993,12","992,63","","0,00%"
"04.11.2024","992,75","992,50","992,75","992,13","","0,25%"
"01.11.2024","990,25","990,00","990,25","989,75","","0,00%"
"31.10.2024","990,25","989,75","990,25","989,38","","0,15%"
"30.10.2024","988,75","989,25","989,62","988,75","","0,10%"
"29.10.2024","987,75","988,00","988,12","987,63","","0,03%"
"28.10.2024","987,50","988,00","988,12","987,25","","0,25%"
"25.10.2024","985,00","985,50","985,75","984,75","","-0,03%"
"24.10.2024","985,25","985,25","985,62","984,88","","0,05%"
"23.10.2024","984,75","984,50","985,37","984,25","","0,10%"
"22.10.2024","983,75","984,00","984,25","983,25","","0,05%"
"21.10.2024","983,25","983,25","983,74","983,00","","0,25%"
"18.10.2024","980,75","980,75","981,12","980,38","","0,00%"
"17.10.2024","980,75","981,00","981,00","980,25","","0,05%"
"16.10.2024","980,25","980,25","980,87","980,00","","0,08%"
"15.10.2024","979,50","979,50","979,87","979,25","","-0,05%"
"14.10.2024","980,00","980,00","980,00","980,00","","0,54%"
"11.10.2024","974,75","974,75","974,75","974,75","","0,00%"
"10.10.2024","974,75","975,25","976,25","974,75","","0,00%"
"09.10.2024","974,75","975,50","975,62","974,75","","0,05%"
"08.10.2024","974,25","975,00","975,37","974,25","","-0,05%"
"07.10.2024","974,75","974,50","974,87","974,25","","0,36%"
"04.10.2024","971,25","971,75","971,87","971,25","","-0,05%"
"03.10.2024","971,75","971,75","972,12","971,38","","0,15%"
"02.10.2024","970,25","970,50","970,87","970,25","","0,05%"
"01.10.2024","969,75","970,50","970,50","969,75","","0,10%"
"30.09.2024","968,75","970,00","970,49","968,75","","0,23%"
"27.09.2024","966,50","968,00","968,49","966,50","","-0,08%"
"26.09.2024","967,25","968,50","968,75","967,25","","-0,13%"
"25.09.2024","968,50","967,25","968,50","966,25","","0,34%"
"24.09.2024","965,25","966,50","966,75","965,25","","0,00%"
"23.09.2024","965,25","966,00","966,24","965,25","","0,29%"
"20.09.2024","962,50","963,75","963,75","962,50","","-0,03%"
"19.09.2024","962,75","963,00","963,12","962,25","","0,05%"
"18.09.2024","962,25","962,50","962,62","962,13","","0,10%"
"17.09.2024","961,25","961,75","961,88","960,89","","0,08%"
"16.09.2024","960,50","961,00","961,37","960,50","","0,13%"
"13.09.2024","959,25","959,00","959,75","958,88","","-0,08%"
"12.09.2024","960,00","958,25","960,00","958,13","","0,23%"
"11.09.2024","957,75","958,25","958,74","957,75","","0,03%"
"10.09.2024","957,50","958,00","958,12","957,25","","-0,03%"
"09.09.2024","957,75","957,00","957,75","956,51","","0,16%"
"06.09.2024","956,25","953,75","956,25","953,63","","0,26%"
"05.09.2024","953,75","954,25","954,37","953,63","","0,05%"
"04.09.2024","953,25","953,50","954,37","953,25","","-0,03%"
"03.09.2024","953,50","953,25","953,75","952,88","","0,08%"
"02.09.2024","952,75","953,00","953,00","952,75","","0,16%"
"30.08.2024","951,25","950,25","951,62","949,25","","0,11%"
"29.08.2024","950,25","949,75","950,25","949,25","","0,18%"
"28.08.2024","948,50","949,25","949,62","948,50","","-0,03%"
"27.08.2024","948,75","949,25","949,50","948,63","","-0,08%"
"26.08.2024","949,50","948,25","949,50","948,13","","0,37%"
"23.08.2024","946,00","945,75","946,00","944,75","","0,08%"
"22.08.2024","945,25","945,50","945,50","944,76","","0,13%"
"21.08.2024","944,00","944,50","944,62","943,75","","0,03%"
"20.08.2024","943,75","944,50","944,50","943,63","","0,05%"
"19.08.2024","943,25","943,75","944,12","943,25","","0,19%"
"16.08.2024","941,50","941,25","941,50","941,00","","0,08%"
"15.08.2024","940,75","940,75","941,25","940,38","","0,05%"
"14.08.2024","940,25","940,25","941,25","940,00","","0,05%"
"13.08.2024","939,75","939,50","940,00","939,00","","0,11%"
"12.08.2024","938,75","939,25","939,62","938,75","","0,21%"
"09.08.2024","936,75","936,75","937,24","936,50","","0,05%"
"08.08.2024","936,25","936,75","937,12","936,25","","0,05%"
"07.08.2024","935,75","936,50","936,75","935,75","","0,03%"
"06.08.2024","935,50","935,75","936,12","935,25","","0,08%"
"05.08.2024","934,75","934,75","935,50","934,50","","0,16%"
"02.08.2024","933,25","933,25","933,25","932,25","","0,16%"
"01.08.2024","931,75","932,75","932,99","931,75","","0,11%"
"31.07.2024","930,75","931,75","932,25","930,75","","-0,16%"
"30.07.2024","932,25","931,25","932,25","931,00","","0,05%"
"29.07.2024","931,75","930,75","931,75","930,38","","0,30%"
"26.07.2024","929,00","929,25","929,30","928,75","","-0,05%"
"25.07.2024","929,50","928,00","929,50","928,00","","0,16%"
"24.07.2024","928,00","927,75","928,12","927,38","","0,22%"
"23.07.2024","926,00","926,50","926,87","925,88","","0,03%"
"22.07.2024","925,75","926,25","926,62","925,75","","0,14%"
"19.07.2024","924,50","925,75","925,75","923,50","","-0,03%"
"18.07.2024","924,75","923,25","924,75","922,63","","0,19%"
"17.07.2024","923,00","923,00","923,25","921,99","","0,03%"
"16.07.2024","922,75","922,50","923,25","922,25","","0,05%"
"15.07.2024","922,25","922,00","922,25","921,75","","0,33%"
"12.07.2024","919,25","919,50","919,62","918,88","","0,00%"
"11.07.2024","919,25","919,75","920,25","919,13","","0,05%"
"10.07.2024","918,75","919,25","919,62","918,75","","0,16%"
"09.07.2024","917,25","917,25","917,25","917,25","","0,00%"
"08.07.2024","917,25","917,50","918,00","916,75","","0,19%"
"05.07.2024","915,50","916,75","916,75","915,08","","0,19%"
"04.07.2024","913,75","913,75","913,75","913,75","","0,00%"
"03.07.2024","913,75","914,75","915,62","913,50","","-0,05%"
"02.07.2024","914,25","914,00","914,75","913,63","","0,08%"
"01.07.2024","913,50","913,75","914,00","912,00","","0,22%"
"28.06.2024","911,50","911,25","912,24","911,00","","0,05%"
"27.06.2024","911,00","911,75","911,87","911,00","","0,00%"
"26.06.2024","911,00","910,75","911,00","909,49","","0,19%"
"25.06.2024","909,25","909,50","909,75","909,25","","0,06%"
"24.06.2024","908,75","909,00","909,25","908,75","","0,35%"
"21.06.2024","905,55","905,75","905,75","905,55","","-0,02%"
"20.06.2024","905,75","905,75","905,75","905,74","","0,00%"
"19.06.2024","905,75","905,75","905,75","905,75","","0,00%"
"18.06.2024","905,75","905,50","906,25","905,25","","0,36%"
"17.06.2024","902,50","902,50","902,50","902,50","","-0,08%"
"14.06.2024","903,25","902,00","903,25","902,00","","0,11%"
"13.06.2024","902,25","902,50","903,12","902,00","","0,06%"
"12.06.2024","901,75","902,00","902,37","901,75","","-0,03%"
"11.06.2024","902,00","902,00","902,62","901,26","","0,03%"
"10.06.2024","901,75","901,25","901,75","901,25","","0,28%"
"07.06.2024","899,25","899,50","899,50","898,50","","0,08%"
"06.06.2024","898,50","897,75","898,75","897,75","","0,00%"
"05.06.2024","898,50","898,00","898,50","897,63","","0,17%"
"04.06.2024","897,00","897,25","897,50","895,24","","0,06%"
"03.06.2024","896,50","897,00","897,00","895,24","","0,08%"
"31.05.2024","895,75","895,25","895,75","895,13","","0,17%"
"30.05.2024","894,25","894,00","894,75","893,88","","0,06%"
"29.05.2024","893,75","893,50","893,87","893,39","","0,03%"
"28.05.2024","893,50","893,25","893,62","893,13","","0,00%"
"27.05.2024","893,50","892,75","893,50","892,75","","0,31%"
"24.05.2024","890,75","890,75","890,87","890,63","","0,06%"
"23.05.2024","890,25","890,00","890,37","889,88","","0,03%"
"22.05.2024","890,00","889,75","890,12","889,63","","0,08%"
"21.05.2024","889,25","889,25","889,37","889,13","","0,06%"
"20.05.2024","888,75","888,75","888,87","888,63","","0,23%"
"17.05.2024","886,75","886,50","886,87","886,38","","0,06%"
"16.05.2024","886,25","886,25","886,25","886,25","","0,06%"
"15.05.2024","885,75","885,75","885,87","885,63","","0,06%"
"14.05.2024","885,25","885,25","885,37","885,13","","0,11%"
"13.05.2024","884,25","884,25","884,37","884,13","","0,14%"
"10.05.2024","883,00","882,75","883,00","882,75","","0,06%"
"09.05.2024","882,50","882,00","882,62","881,89","","0,09%"
"08.05.2024","881,75","881,75","881,87","881,63","","0,11%"
"07.05.2024","880,75","880,75","880,75","880,22","","0,06%"
"06.05.2024","880,25","879,50","880,37","879,38","","0,17%"
"03.05.2024","878,75","878,50","878,87","878,38","","0,06%"
"02.05.2024","878,25","878,25","878,25","877,63","","0,23%"
"01.05.2024","876,22","876,22","876,22","876,22","","-0,06%"
"30.04.2024","876,75","876,75","876,87","876,63","","0,00%"
"29.04.2024","876,75","876,25","876,75","876,13","","0,23%"
"26.04.2024","874,75","874,25","874,75","874,25","","0,11%"
"25.04.2024","873,75","873,50","873,87","873,38","","0,06%"
"24.04.2024","873,25","873,25","873,37","873,13","","0,06%"
"23.04.2024","872,75","872,50","872,87","872,38","","0,06%"
"22.04.2024","872,25","872,25","872,37","872,13","","0,11%"
"19.04.2024","871,25","870,75","871,25","870,63","","0,17%"
"18.04.2024","869,75","869,75","869,87","869,63","","0,06%"
"17.04.2024","869,25","869,25","869,37","869,13","","0,06%"
"16.04.2024","868,75","868,50","868,87","868,38","","0,06%"
"15.04.2024","868,25","868,25","868,37","868,13","","0,17%"
"12.04.2024","866,75","866,25","866,75","866,25","","0,12%"
"11.04.2024","865,75","865,50","865,75","865,50","","0,06%"
"10.04.2024","865,25","865,25","865,37","864,75","","0,06%"
"09.04.2024","864,75","864,75","864,87","864,26","","0,06%"
"08.04.2024","864,25","863,50","864,37","863,39","","0,17%"
"05.04.2024","862,75","862,25","862,87","862,13","","0,12%"
"04.04.2024","861,75","861,75","861,87","861,63","","0,49%"
"03.04.2024","857,51","857,51","857,51","857,51","","0,00%"
"02.04.2024","857,51","857,51","857,51","857,51","","0,00%"
"01.04.2024","857,51","857,51","857,51","857,51","","0,00%"
"29.03.2024","857,51","857,51","857,51","857,51","","0,00%"
"28.03.2024","857,51","857,50","857,51","857,50","","-0,03%"
"27.03.2024","857,75","857,25","857,75","856,63","","0,12%"
"26.03.2024","856,75","856,25","856,87","856,25","","0,06%"
"25.03.2024","856,25","856,25","856,37","856,13","","0,18%"
"22.03.2024","854,75","854,75","854,87","854,63","","0,06%"
"21.03.2024","854,25","853,75","854,25","853,75","","0,12%"
"20.03.2024","853,25","853,25","853,50","852,24","","0,00%"
"19.03.2024","853,25","852,50","853,25","852,13","","0,12%"
"18.03.2024","852,25","851,50","852,37","851,38","","0,18%"
"15.03.2024","850,75","850,75","850,75","849,74","","0,06%"
"14.03.2024","850,25","850,25","850,37","849,74","","0,06%"
"13.03.2024","849,75","849,25","849,87","848,63","","0,32%"
"12.03.2024","847,01","848,75","848,88","847,03","","-0,15%"
"11.03.2024","848,25","848,25","848,25","848,25","","0,18%"
"08.03.2024","846,75","846,75","846,87","845,74","","0,06%"
"07.03.2024","846,25","846,00","846,25","845,63","","0,06%"
"06.03.2024","845,75","845,50","845,87","845,38","","0,06%"
"05.03.2024","845,25","844,75","845,37","844,63","","0,12%"
"04.03.2024","844,25","844,25","844,37","844,13","","0,12%"
"01.03.2024","843,25","842,65","843,25","842,58","","0,11%"
"29.02.2024","842,35","842,00","842,37","842,00","","0,07%"
"28.02.2024","841,75","841,45","841,75","840,65","","0,07%"
"27.02.2024","841,15","841,15","841,15","840,65","","0,06%"
"26.02.2024","840,65","839,80","840,67","839,78","","0,20%"
"23.02.2024","838,95","838,95","838,97","838,35","","0,07%"
"22.02.2024","838,35","838,40","838,42","837,85","","0,06%"
"21.02.2024","837,85","837,85","837,87","837,83","","0,07%"
"20.02.2024","837,25","837,05","837,32","836,97","","0,06%"
"19.02.2024","836,75","836,75","836,75","836,75","","0,20%"
"16.02.2024","835,05","835,05","835,07","835,03","","0,06%"
"15.02.2024","834,55","834,55","834,57","834,53","","0,07%"
"14.02.2024","833,95","833,95","833,97","833,92","","0,32%"
"13.02.2024","831,30","831,30","831,30","831,30","","0,00%"
"12.02.2024","831,30","831,30","831,30","831,30","","0,00%"
"09.02.2024","831,30","831,00","831,32","830,92","","0,08%"
"08.02.2024","830,65","830,70","830,72","830,63","","0,06%"
"07.02.2024","830,15","830,15","830,17","830,13","","0,07%"
"06.02.2024","829,55","829,30","829,57","829,28","","0,06%"
"05.02.2024","829,05","829,05","829,32","829,05","","0,21%"
"02.02.2024","827,35","826,85","827,37","826,83","","0,06%"
"01.02.2024","826,85","826,60","826,87","826,58","","0,06%"